week_start,segment,channel,geo,visits,prompt_starts,signups,activated_first_app,paid_conversions
2026-03-17,consumer,google_brand,US_W,5218,1329,161.09,106.24,8.299
2026-03-17,consumer,google_brand,US_E,4649,942,164.29,97.58,8.076
2026-03-17,consumer,google_brand,US_C,3353,902,102.59,59.27,5.166
2026-03-17,consumer,google_brand,CA,1944,434,62.08,36.74,3.226
2026-03-17,consumer,google_brand,LATAM,1332,289,40.17,19.29,0.819
2026-03-17,consumer,google_nonbrand,US_W,5730,1185,256.80,137.53,7.330
2026-03-17,consumer,google_nonbrand,US_E,5786,1203,247.80,127.81,7.842
2026-03-17,consumer,google_nonbrand,US_C,3700,947,161.90,85.05,4.949
2026-03-17,consumer,google_nonbrand,CA,2378,616,112.08,66.11,4.598
2026-03-17,consumer,google_nonbrand,LATAM,1428,335,55.05,22.60,0.750
2026-03-17,consumer,meta_prospect,US_W,26440,7038,626.86,251.34,8.727
2026-03-17,consumer,meta_prospect,US_E,27790,5042,782.28,324.78,12.638
2026-03-17,consumer,meta_prospect,US_C,16056,3587,463.39,185.98,7.344
2026-03-17,consumer,meta_prospect,CA,10276,2788,241.98,108.11,3.690
2026-03-17,consumer,meta_prospect,LATAM,6293,1756,155.67,52.90,1.020
2026-03-17,consumer,meta_retarget,US_W,17047,3740,284.49,149.29,8.221
2026-03-17,consumer,meta_retarget,US_E,17877,4103,303.38,141.57,7.921
2026-03-17,consumer,meta_retarget,US_C,13133,2897,191.17,91.27,4.545
2026-03-17,consumer,meta_retarget,CA,6820,1908,115.66,53.35,2.915
2026-03-17,consumer,meta_retarget,LATAM,4308,973,62.86,24.79,0.727
2026-03-17,consumer,tiktok_creator,US_W,29687,6720,508.66,153.36,3.580
2026-03-17,consumer,tiktok_creator,US_E,38689,10335,712.52,232.63,5.431
2026-03-17,consumer,tiktok_creator,US_C,23550,5716,438.47,137.73,3.203
2026-03-17,consumer,tiktok_creator,CA,10588,2219,170.36,56.72,1.322
2026-03-17,consumer,tiktok_creator,LATAM,36808,8742,488.49,116.21,1.484
2026-03-17,consumer,youtube,US_W,4050,864,67.70,34.74,1.396
2026-03-17,consumer,youtube,US_E,4107,888,74.98,33.41,1.289
2026-03-17,consumer,youtube,US_C,2682,493,46.16,21.68,0.906
2026-03-17,consumer,youtube,CA,1679,396,31.41,15.74,0.561
2026-03-17,consumer,youtube,LATAM,1134,265,17.63,6.76,0.159
2026-03-17,consumer,reddit_test,US_W,1407,375,18.12,8.61,0.352
2026-03-17,consumer,reddit_test,US_E,1316,279,16.60,8.12,0.309
2026-03-17,consumer,reddit_test,US_C,878,162,10.60,4.78,0.179
2026-03-17,consumer,reddit_test,CA,575,151,7.16,3.28,0.126
2026-03-17,consumer,reddit_test,LATAM,352,95,3.40,1.21,0.024
2026-03-17,enterprise,google_brand,US_W,1140,284,18.23,12.17,1.153
2026-03-17,enterprise,google_brand,US_E,911,244,15.59,9.03,0.742
2026-03-17,enterprise,google_brand,US_C,656,180,12.17,7.03,0.538
2026-03-17,enterprise,google_brand,CA,393,76,6.97,4.08,0.316
2026-03-17,enterprise,google_brand,LATAM,283,51,3.42,1.63,0.080
2026-03-17,enterprise,google_nonbrand,US_W,1248,283,19.63,10.66,0.708
2026-03-17,enterprise,google_nonbrand,US_E,1174,233,18.80,9.55,0.646
2026-03-17,enterprise,google_nonbrand,US_C,1024,237,14.75,7.90,0.501
2026-03-17,enterprise,google_nonbrand,CA,523,135,8.51,4.67,0.304
2026-03-17,enterprise,google_nonbrand,LATAM,341,80,4.66,1.99,0.069
2026-03-17,enterprise,linkedin_abm,US_W,2855,601,30.26,22.48,2.889
2026-03-17,enterprise,linkedin_abm,US_E,2902,605,34.47,25.83,3.234
2026-03-17,enterprise,linkedin_abm,US_C,1156,318,14.29,10.34,1.300
2026-03-17,enterprise,linkedin_abm,CA,935,185,10.44,7.03,1.045
2026-03-17,enterprise,linkedin_abm,LATAM,249,64,2.45,1.28,0.087
2026-03-17,enterprise,linkedin_retarget,US_W,1658,393,11.98,6.88,0.628
2026-03-17,enterprise,linkedin_retarget,US_E,1498,375,10.72,6.38,0.693
2026-03-17,enterprise,linkedin_retarget,US_C,684,153,5.10,3.18,0.305
2026-03-17,enterprise,linkedin_retarget,CA,510,93,4.42,2.74,0.281
2026-03-17,enterprise,linkedin_retarget,LATAM,140,38,0.82,0.35,0.021
2026-03-17,enterprise,meta_prospect,US_W,2394,552,17.79,7.65,0.251
2026-03-17,enterprise,meta_prospect,US_E,2353,651,17.49,7.64,0.307
2026-03-17,enterprise,meta_prospect,US_C,1635,425,11.63,5.06,0.200
2026-03-17,enterprise,meta_prospect,CA,879,168,6.87,2.88,0.087
2026-03-17,enterprise,meta_prospect,LATAM,681,130,3.83,1.16,0.023
2026-03-17,enterprise,youtube,US_W,1149,247,9.23,4.31,0.178
2026-03-17,enterprise,youtube,US_E,1074,249,8.67,4.35,0.188
2026-03-17,enterprise,youtube,US_C,735,138,6.09,3.09,0.130
2026-03-17,enterprise,youtube,CA,435,120,3.22,1.52,0.061
2026-03-17,enterprise,youtube,LATAM,297,68,1.74,0.61,0.014
2026-03-24,consumer,google_brand,US_W,5536,1392,165.13,101.20,8.308
2026-03-24,consumer,google_brand,US_E,4935,1058,163.59,98.31,8.220
2026-03-24,consumer,google_brand,US_C,3848,775,113.74,74.89,6.827
2026-03-24,consumer,google_brand,CA,2309,517,76.99,45.17,4.102
2026-03-24,consumer,google_brand,LATAM,1585,400,44.47,21.21,1.091
2026-03-24,consumer,google_nonbrand,US_W,6122,1189,249.22,132.76,9.437
2026-03-24,consumer,google_nonbrand,US_E,5899,1259,251.17,147.72,9.408
2026-03-24,consumer,google_nonbrand,US_C,3859,697,180.00,101.20,5.848
2026-03-24,consumer,google_nonbrand,CA,2189,495,110.56,61.47,4.285
2026-03-24,consumer,google_nonbrand,LATAM,1392,366,52.59,21.80,0.741
2026-03-24,consumer,meta_prospect,US_W,25191,5295,692.53,294.83,10.301
2026-03-24,consumer,meta_prospect,US_E,27760,5620,693.53,304.85,9.562
2026-03-24,consumer,meta_prospect,US_C,16389,3999,457.06,196.16,6.092
2026-03-24,consumer,meta_prospect,CA,10967,2289,285.31,113.68,4.464
2026-03-24,consumer,meta_prospect,LATAM,6608,1208,140.24,47.89,0.920
2026-03-24,consumer,meta_retarget,US_W,19646,4712,267.57,130.83,6.763
2026-03-24,consumer,meta_retarget,US_E,17443,3589,287.98,148.27,8.807
2026-03-24,consumer,meta_retarget,US_C,12936,2811,176.30,91.44,4.066
2026-03-24,consumer,meta_retarget,CA,7009,1669,115.45,54.46,2.799
2026-03-24,consumer,meta_retarget,LATAM,5072,1094,66.21,23.97,0.657
2026-03-24,consumer,tiktok_creator,US_W,31292,8621,491.83,146.02,3.012
2026-03-24,consumer,tiktok_creator,US_E,41356,7761,749.67,228.14,5.212
2026-03-24,consumer,tiktok_creator,US_C,26472,6350,477.03,144.52,3.010
2026-03-24,consumer,tiktok_creator,CA,8628,2282,148.25,49.72,1.019
2026-03-24,consumer,tiktok_creator,LATAM,38038,8225,562.49,141.17,1.632
2026-03-24,consumer,youtube,US_W,4034,781,73.09,33.86,1.468
2026-03-24,consumer,youtube,US_E,3864,1051,65.36,29.68,1.087
2026-03-24,consumer,youtube,US_C,2481,652,42.95,21.59,0.879
2026-03-24,consumer,youtube,CA,1693,465,27.25,13.80,0.587
2026-03-24,consumer,youtube,LATAM,1067,277,14.22,5.25,0.130
2026-03-24,consumer,reddit_test,US_W,1178,227,16.59,7.04,0.255
2026-03-24,consumer,reddit_test,US_E,1408,273,16.45,7.50,0.327
2026-03-24,consumer,reddit_test,US_C,902,249,11.24,4.90,0.175
2026-03-24,consumer,reddit_test,CA,534,102,6.93,3.00,0.121
2026-03-24,consumer,reddit_test,LATAM,387,81,4.26,1.46,0.035
2026-03-24,enterprise,google_brand,US_W,1030,263,16.25,9.45,0.687
2026-03-24,enterprise,google_brand,US_E,1017,226,17.07,10.07,0.736
2026-03-24,enterprise,google_brand,US_C,702,168,11.19,6.90,0.659
2026-03-24,enterprise,google_brand,CA,385,80,6.87,3.93,0.293
2026-03-24,enterprise,google_brand,LATAM,252,60,3.48,1.71,0.073
2026-03-24,enterprise,google_nonbrand,US_W,1277,233,18.59,9.64,0.642
2026-03-24,enterprise,google_nonbrand,US_E,1424,338,25.43,13.66,0.937
2026-03-24,enterprise,google_nonbrand,US_C,930,224,13.86,7.63,0.412
2026-03-24,enterprise,google_nonbrand,CA,546,139,8.89,4.91,0.324
2026-03-24,enterprise,google_nonbrand,LATAM,419,82,5.95,2.66,0.077
2026-03-24,enterprise,linkedin_abm,US_W,2988,814,34.17,25.89,4.007
2026-03-24,enterprise,linkedin_abm,US_E,2659,664,32.34,21.80,3.212
2026-03-24,enterprise,linkedin_abm,US_C,1123,295,13.51,10.33,1.413
2026-03-24,enterprise,linkedin_abm,CA,1127,248,13.04,9.65,1.275
2026-03-24,enterprise,linkedin_abm,LATAM,265,61,2.77,1.53,0.113
2026-03-24,enterprise,linkedin_retarget,US_W,1513,381,12.66,6.85,0.650
2026-03-24,enterprise,linkedin_retarget,US_E,1576,355,12.50,7.52,0.755
2026-03-24,enterprise,linkedin_retarget,US_C,693,140,4.79,2.74,0.298
2026-03-24,enterprise,linkedin_retarget,CA,506,134,3.61,2.23,0.231
2026-03-24,enterprise,linkedin_retarget,LATAM,131,28,0.76,0.32,0.017
2026-03-24,enterprise,meta_prospect,US_W,2470,542,16.97,7.15,0.264
2026-03-24,enterprise,meta_prospect,US_E,2415,530,19.16,8.30,0.332
2026-03-24,enterprise,meta_prospect,US_C,1822,490,12.32,4.90,0.164
2026-03-24,enterprise,meta_prospect,CA,983,196,7.16,3.17,0.108
2026-03-24,enterprise,meta_prospect,LATAM,646,143,4.31,1.41,0.029
2026-03-24,enterprise,youtube,US_W,1129,270,8.29,4.14,0.181
2026-03-24,enterprise,youtube,US_E,1173,252,8.28,4.08,0.185
2026-03-24,enterprise,youtube,US_C,872,201,6.84,3.10,0.122
2026-03-24,enterprise,youtube,CA,456,104,3.78,1.74,0.079
2026-03-24,enterprise,youtube,LATAM,275,69,1.89,0.75,0.016
2026-03-31,consumer,google_brand,US_W,4895,968,165.47,104.31,8.406
2026-03-31,consumer,google_brand,US_E,5538,1341,191.02,123.36,10.993
2026-03-31,consumer,google_brand,US_C,3398,778,97.97,60.41,4.817
2026-03-31,consumer,google_brand,CA,2350,541,77.45,48.35,4.491
2026-03-31,consumer,google_brand,LATAM,1610,292,40.92,20.62,1.106
2026-03-31,consumer,google_nonbrand,US_W,6172,1184,261.16,142.49,9.770
2026-03-31,consumer,google_nonbrand,US_E,5767,1058,269.96,140.80,9.147
2026-03-31,consumer,google_nonbrand,US_C,3915,1051,177.06,92.15,5.594
2026-03-31,consumer,google_nonbrand,CA,2330,510,102.71,58.88,3.726
2026-03-31,consumer,google_nonbrand,LATAM,1697,399,69.78,30.12,1.018
2026-03-31,consumer,meta_prospect,US_W,26365,5157,625.91,244.20,7.940
2026-03-31,consumer,meta_prospect,US_E,25337,5517,700.64,302.58,11.437
2026-03-31,consumer,meta_prospect,US_C,17774,3308,434.55,185.15,5.758
2026-03-31,consumer,meta_prospect,CA,10040,2619,275.17,117.12,4.425
2026-03-31,consumer,meta_prospect,LATAM,7690,1676,154.91,50.17,1.108
2026-03-31,consumer,meta_retarget,US_W,18861,3501,302.66,145.14,6.946
2026-03-31,consumer,meta_retarget,US_E,16758,3158,269.56,138.83,8.018
2026-03-31,consumer,meta_retarget,US_C,11748,2314,191.99,96.59,4.325
2026-03-31,consumer,meta_retarget,CA,8057,1790,110.26,55.26,2.806
2026-03-31,consumer,meta_retarget,LATAM,4316,979,60.96,21.96,0.593
2026-03-31,consumer,tiktok_creator,US_W,30791,6535,511.10,153.03,3.355
2026-03-31,consumer,tiktok_creator,US_E,40178,8059,658.65,210.66,5.068
2026-03-31,consumer,tiktok_creator,US_C,26490,5209,422.15,130.75,3.282
2026-03-31,consumer,tiktok_creator,CA,9907,2412,188.28,64.82,1.244
2026-03-31,consumer,tiktok_creator,LATAM,38102,7674,568.89,136.66,1.553
2026-03-31,consumer,youtube,US_W,3885,1011,65.23,31.93,1.453
2026-03-31,consumer,youtube,US_E,4129,981,70.65,34.41,1.283
2026-03-31,consumer,youtube,US_C,2626,612,44.72,21.22,0.810
2026-03-31,consumer,youtube,CA,1380,362,24.15,11.60,0.436
2026-03-31,consumer,youtube,LATAM,1064,224,15.12,5.58,0.114
2026-03-31,consumer,reddit_test,US_W,1493,369,18.50,8.57,0.363
2026-03-31,consumer,reddit_test,US_E,1228,284,15.75,6.88,0.261
2026-03-31,consumer,reddit_test,US_C,807,211,9.81,4.83,0.171
2026-03-31,consumer,reddit_test,CA,571,148,6.69,3.25,0.139
2026-03-31,consumer,reddit_test,LATAM,380,96,3.91,1.30,0.025
2026-03-31,enterprise,google_brand,US_W,1077,219,18.86,12.15,1.115
2026-03-31,enterprise,google_brand,US_E,1124,248,15.98,10.48,1.001
2026-03-31,enterprise,google_brand,US_C,682,180,11.87,7.08,0.564
2026-03-31,enterprise,google_brand,CA,409,101,7.33,4.35,0.341
2026-03-31,enterprise,google_brand,LATAM,270,49,4.24,2.15,0.095
2026-03-31,enterprise,google_nonbrand,US_W,1507,420,23.87,12.96,0.902
2026-03-31,enterprise,google_nonbrand,US_E,1361,282,25.40,12.92,0.870
2026-03-31,enterprise,google_nonbrand,US_C,876,205,13.61,7.66,0.410
2026-03-31,enterprise,google_nonbrand,CA,507,130,7.31,3.73,0.259
2026-03-31,enterprise,google_nonbrand,LATAM,363,76,4.72,1.88,0.073
2026-03-31,enterprise,linkedin_abm,US_W,3303,816,35.24,26.56,3.604
2026-03-31,enterprise,linkedin_abm,US_E,3418,903,38.00,25.84,3.695
2026-03-31,enterprise,linkedin_abm,US_C,1266,243,14.78,10.77,1.544
2026-03-31,enterprise,linkedin_abm,CA,1065,247,10.87,7.71,0.947
2026-03-31,enterprise,linkedin_abm,LATAM,270,69,2.79,1.50,0.127
2026-03-31,enterprise,linkedin_retarget,US_W,1527,397,11.73,7.07,0.759
2026-03-31,enterprise,linkedin_retarget,US_E,1487,283,10.78,5.97,0.528
2026-03-31,enterprise,linkedin_retarget,US_C,711,189,5.60,3.02,0.290
2026-03-31,enterprise,linkedin_retarget,CA,531,101,4.21,2.46,0.232
2026-03-31,enterprise,linkedin_retarget,LATAM,139,28,0.89,0.42,0.020
2026-03-31,enterprise,meta_prospect,US_W,2478,537,17.84,7.26,0.265
2026-03-31,enterprise,meta_prospect,US_E,2682,492,18.51,8.07,0.308
2026-03-31,enterprise,meta_prospect,US_C,1657,450,12.36,5.33,0.173
2026-03-31,enterprise,meta_prospect,CA,1033,251,7.24,3.14,0.123
2026-03-31,enterprise,meta_prospect,LATAM,679,158,4.28,1.34,0.025
2026-03-31,enterprise,youtube,US_W,1029,284,8.09,4.15,0.187
2026-03-31,enterprise,youtube,US_E,1201,328,8.46,4.23,0.159
2026-03-31,enterprise,youtube,US_C,753,147,5.32,2.53,0.096
2026-03-31,enterprise,youtube,CA,492,120,3.39,1.70,0.063
2026-03-31,enterprise,youtube,LATAM,301,77,2.15,0.80,0.019
2026-04-07,consumer,google_brand,US_W,5520,1177,177.14,108.46,10.377
2026-04-07,consumer,google_brand,US_E,4876,955,161.59,96.35,7.125
2026-04-07,consumer,google_brand,US_C,4134,1045,132.59,82.83,6.675
2026-04-07,consumer,google_brand,CA,2262,579,76.63,48.59,3.738
2026-04-07,consumer,google_brand,LATAM,1444,352,42.22,18.79,0.800
2026-04-07,consumer,google_nonbrand,US_W,5614,1333,251.41,129.67,7.435
2026-04-07,consumer,google_nonbrand,US_E,6359,1632,292.30,164.60,9.073
2026-04-07,consumer,google_nonbrand,US_C,4044,893,170.15,100.16,6.120
2026-04-07,consumer,google_nonbrand,CA,2373,458,102.78,53.58,3.414
2026-04-07,consumer,google_nonbrand,LATAM,1640,341,63.53,25.44,0.833
2026-04-07,consumer,meta_prospect,US_W,26244,5714,689.92,305.28,10.911
2026-04-07,consumer,meta_prospect,US_E,27333,4982,723.23,306.60,11.092
2026-04-07,consumer,meta_prospect,US_C,16621,3139,409.68,171.03,5.558
2026-04-07,consumer,meta_prospect,CA,11717,2167,286.17,122.46,4.415
2026-04-07,consumer,meta_prospect,LATAM,6370,1756,148.54,46.09,0.905
2026-04-07,consumer,meta_retarget,US_W,18778,4367,301.92,157.56,9.246
2026-04-07,consumer,meta_retarget,US_E,16947,3887,265.75,127.02,6.017
2026-04-07,consumer,meta_retarget,US_C,12352,3228,169.30,81.48,4.550
2026-04-07,consumer,meta_retarget,CA,7621,1700,126.21,60.14,2.861
2026-04-07,consumer,meta_retarget,LATAM,5515,1393,73.77,27.34,0.707
2026-04-07,consumer,tiktok_creator,US_W,33217,6074,507.31,174.71,3.539
2026-04-07,consumer,tiktok_creator,US_E,44277,9069,763.47,247.55,5.687
2026-04-07,consumer,tiktok_creator,US_C,26021,5903,439.69,149.06,3.746
2026-04-07,consumer,tiktok_creator,CA,10656,2144,170.51,53.55,1.151
2026-04-07,consumer,tiktok_creator,LATAM,34785,6515,470.88,118.60,1.242
2026-04-07,consumer,youtube,US_W,4460,1012,70.44,33.02,1.363
2026-04-07,consumer,youtube,US_E,4171,1085,75.57,37.49,1.639
2026-04-07,consumer,youtube,US_C,2599,598,49.30,23.21,1.062
2026-04-07,consumer,youtube,CA,1676,323,31.62,16.13,0.556
2026-04-07,consumer,youtube,LATAM,1121,220,16.57,6.20,0.130
2026-04-07,consumer,reddit_test,US_W,1512,285,18.87,8.97,0.334
2026-04-07,consumer,reddit_test,US_E,1343,283,17.25,8.54,0.325
2026-04-07,consumer,reddit_test,US_C,972,202,11.56,5.20,0.193
2026-04-07,consumer,reddit_test,CA,604,124,7.13,3.45,0.148
2026-04-07,consumer,reddit_test,LATAM,350,78,3.99,1.35,0.030
2026-04-07,enterprise,google_brand,US_W,1137,312,19.73,12.34,1.182
2026-04-07,enterprise,google_brand,US_E,1078,241,18.26,10.76,0.792
2026-04-07,enterprise,google_brand,US_C,688,156,12.10,7.10,0.597
2026-04-07,enterprise,google_brand,CA,419,112,7.39,4.58,0.382
2026-04-07,enterprise,google_brand,LATAM,294,69,3.72,1.79,0.074
2026-04-07,enterprise,google_nonbrand,US_W,1294,252,21.71,11.65,0.658
2026-04-07,enterprise,google_nonbrand,US_E,1307,344,23.80,13.61,0.926
2026-04-07,enterprise,google_nonbrand,US_C,966,237,16.80,8.81,0.628
2026-04-07,enterprise,google_nonbrand,CA,571,146,11.00,5.74,0.401
2026-04-07,enterprise,google_nonbrand,LATAM,361,82,4.83,1.94,0.063
2026-04-07,enterprise,linkedin_abm,US_W,2882,801,36.04,24.04,3.238
2026-04-07,enterprise,linkedin_abm,US_E,3518,670,36.72,25.34,3.046
2026-04-07,enterprise,linkedin_abm,US_C,1186,297,13.39,9.48,1.378
2026-04-07,enterprise,linkedin_abm,CA,1045,256,13.30,9.19,1.110
2026-04-07,enterprise,linkedin_abm,LATAM,268,60,2.60,1.54,0.137
2026-04-07,enterprise,linkedin_retarget,US_W,1706,443,11.25,6.14,0.647
2026-04-07,enterprise,linkedin_retarget,US_E,1696,353,12.19,7.41,0.755
2026-04-07,enterprise,linkedin_retarget,US_C,595,142,4.95,2.68,0.236
2026-04-07,enterprise,linkedin_retarget,CA,502,129,3.67,2.09,0.170
2026-04-07,enterprise,linkedin_retarget,LATAM,131,28,0.92,0.41,0.022
2026-04-07,enterprise,meta_prospect,US_W,2736,534,19.87,8.08,0.308
2026-04-07,enterprise,meta_prospect,US_E,2735,744,20.62,9.22,0.333
2026-04-07,enterprise,meta_prospect,US_C,1487,281,10.71,4.40,0.140
2026-04-07,enterprise,meta_prospect,CA,1002,219,7.48,3.03,0.109
2026-04-07,enterprise,meta_prospect,LATAM,570,126,4.01,1.29,0.022
2026-04-07,enterprise,youtube,US_W,1053,199,8.10,3.90,0.178
2026-04-07,enterprise,youtube,US_E,1065,260,8.70,4.32,0.195
2026-04-07,enterprise,youtube,US_C,729,178,5.21,2.33,0.092
2026-04-07,enterprise,youtube,CA,440,114,3.74,1.74,0.080
2026-04-07,enterprise,youtube,LATAM,314,65,2.18,0.78,0.017
2026-04-14,consumer,google_brand,US_W,5723,1345,194.70,128.77,10.990
2026-04-14,consumer,google_brand,US_E,5354,1184,162.02,99.88,9.051
2026-04-14,consumer,google_brand,US_C,3523,759,100.13,62.93,5.780
2026-04-14,consumer,google_brand,CA,2169,551,73.77,45.47,4.196
2026-04-14,consumer,google_brand,LATAM,1511,278,39.34,18.77,0.931
2026-04-14,consumer,google_nonbrand,US_W,6351,1603,300.13,171.87,10.496
2026-04-14,consumer,google_nonbrand,US_E,6528,1397,255.62,150.00,10.165
2026-04-14,consumer,google_nonbrand,US_C,4055,761,173.55,102.82,5.914
2026-04-14,consumer,google_nonbrand,CA,2204,492,98.36,49.93,2.998
2026-04-14,consumer,google_nonbrand,LATAM,1433,351,59.15,25.21,0.835
2026-04-14,consumer,meta_prospect,US_W,26835,6827,659.31,286.92,9.448
2026-04-14,consumer,meta_prospect,US_E,26387,6377,709.46,307.06,12.240
2026-04-14,consumer,meta_prospect,US_C,18594,4843,467.10,183.24,5.711
2026-04-14,consumer,meta_prospect,CA,10248,2680,268.94,116.50,3.696
2026-04-14,consumer,meta_prospect,LATAM,6724,1533,148.37,45.85,0.814
2026-04-14,consumer,meta_retarget,US_W,18531,4925,248.05,124.79,5.683
2026-04-14,consumer,meta_retarget,US_E,19589,3816,266.75,131.71,6.061
2026-04-14,consumer,meta_retarget,US_C,13205,3352,184.44,91.41,4.732
2026-04-14,consumer,meta_retarget,CA,7063,1588,124.97,59.91,2.924
2026-04-14,consumer,meta_retarget,LATAM,5552,1216,75.33,28.60,0.720
2026-04-14,consumer,tiktok_creator,US_W,32887,7339,514.54,162.43,3.569
2026-04-14,consumer,tiktok_creator,US_E,37746,9553,693.37,239.59,4.539
2026-04-14,consumer,tiktok_creator,US_C,23676,5477,393.74,130.52,3.247
2026-04-14,consumer,tiktok_creator,CA,11840,3158,207.55,63.57,1.214
2026-04-14,consumer,tiktok_creator,LATAM,35152,8353,575.32,144.82,1.630
2026-04-14,consumer,youtube,US_W,4044,1087,68.17,30.72,1.274
2026-04-14,consumer,youtube,US_E,3946,887,64.25,30.53,1.097
2026-04-14,consumer,youtube,US_C,2682,608,50.93,24.20,0.970
2026-04-14,consumer,youtube,CA,1673,415,29.09,14.91,0.659
2026-04-14,consumer,youtube,LATAM,1041,236,14.84,5.90,0.138
2026-04-14,consumer,reddit_test,US_W,1379,305,19.04,9.38,0.373
2026-04-14,consumer,reddit_test,US_E,1345,305,18.32,9.06,0.309
2026-04-14,consumer,reddit_test,US_C,882,219,11.21,4.82,0.182
2026-04-14,consumer,reddit_test,CA,489,95,6.85,3.15,0.130
2026-04-14,consumer,reddit_test,LATAM,379,86,3.72,1.28,0.027
2026-04-14,enterprise,google_brand,US_W,1013,218,14.55,8.68,0.777
2026-04-14,enterprise,google_brand,US_E,1028,273,16.13,10.01,0.929
2026-04-14,enterprise,google_brand,US_C,691,132,11.20,6.64,0.575
2026-04-14,enterprise,google_brand,CA,434,121,7.51,4.87,0.447
2026-04-14,enterprise,google_brand,LATAM,292,68,3.85,1.98,0.102
2026-04-14,enterprise,google_nonbrand,US_W,1610,387,25.62,13.20,0.708
2026-04-14,enterprise,google_nonbrand,US_E,1506,391,21.59,12.75,0.851
2026-04-14,enterprise,google_nonbrand,US_C,1021,263,17.23,9.64,0.662
2026-04-14,enterprise,google_nonbrand,CA,576,136,9.19,5.06,0.282
2026-04-14,enterprise,google_nonbrand,LATAM,339,67,5.02,2.11,0.077
2026-04-14,enterprise,linkedin_abm,US_W,3386,867,35.26,25.03,3.893
2026-04-14,enterprise,linkedin_abm,US_E,2737,592,32.70,24.40,3.030
2026-04-14,enterprise,linkedin_abm,US_C,1311,363,16.17,11.98,1.428
2026-04-14,enterprise,linkedin_abm,CA,1003,228,10.23,7.02,0.885
2026-04-14,enterprise,linkedin_abm,LATAM,266,66,2.48,1.35,0.108
2026-04-14,enterprise,linkedin_retarget,US_W,1524,389,12.21,7.12,0.734
2026-04-14,enterprise,linkedin_retarget,US_E,1609,358,11.97,7.41,0.788
2026-04-14,enterprise,linkedin_retarget,US_C,721,166,5.49,3.28,0.353
2026-04-14,enterprise,linkedin_retarget,CA,501,128,3.82,2.29,0.219
2026-04-14,enterprise,linkedin_retarget,LATAM,121,25,0.76,0.34,0.019
2026-04-14,enterprise,meta_prospect,US_W,2539,556,18.17,7.07,0.279
2026-04-14,enterprise,meta_prospect,US_E,2452,582,18.93,8.56,0.343
2026-04-14,enterprise,meta_prospect,US_C,1771,473,13.29,6.00,0.205
2026-04-14,enterprise,meta_prospect,CA,1028,257,6.78,3.02,0.113
2026-04-14,enterprise,meta_prospect,LATAM,632,135,3.74,1.29,0.028
2026-04-14,enterprise,youtube,US_W,1263,245,9.69,4.58,0.191
2026-04-14,enterprise,youtube,US_E,1160,281,8.25,4.03,0.159
2026-04-14,enterprise,youtube,US_C,739,193,5.90,2.90,0.126
2026-04-14,enterprise,youtube,CA,431,81,3.24,1.56,0.061
2026-04-14,enterprise,youtube,LATAM,314,84,2.16,0.81,0.018
2026-04-21,consumer,google_brand,US_W,5371,1241,165.71,99.65,8.066
2026-04-21,consumer,google_brand,US_E,5702,1039,184.95,121.83,10.480
2026-04-21,consumer,google_brand,US_C,3889,1023,123.60,74.23,6.163
2026-04-21,consumer,google_brand,CA,2288,579,67.70,44.27,3.492
2026-04-21,consumer,google_brand,LATAM,1541,296,40.69,20.49,1.084
2026-04-21,consumer,google_nonbrand,US_W,6132,1454,267.06,135.25,7.981
2026-04-21,consumer,google_nonbrand,US_E,5871,1494,252.99,140.96,9.302
2026-04-21,consumer,google_nonbrand,US_C,4352,1072,193.79,112.46,6.416
2026-04-21,consumer,google_nonbrand,CA,2525,622,118.63,68.54,4.342
2026-04-21,consumer,google_nonbrand,LATAM,1414,307,58.57,26.08,0.784
2026-04-21,consumer,meta_prospect,US_W,26535,5287,673.66,295.55,10.202
2026-04-21,consumer,meta_prospect,US_E,27769,6180,800.23,331.37,10.179
2026-04-21,consumer,meta_prospect,US_C,16492,3183,476.19,190.87,5.835
2026-04-21,consumer,meta_prospect,CA,11319,2493,299.60,127.02,4.818
2026-04-21,consumer,meta_prospect,LATAM,7287,1737,150.76,50.47,1.116
2026-04-21,consumer,meta_retarget,US_W,21153,5812,333.23,172.79,8.761
2026-04-21,consumer,meta_retarget,US_E,18005,4151,285.85,142.58,7.320
2026-04-21,consumer,meta_retarget,US_C,12763,2952,195.72,98.32,5.411
2026-04-21,consumer,meta_retarget,CA,7336,1344,107.27,50.69,2.683
2026-04-21,consumer,meta_retarget,LATAM,5292,1015,70.23,28.93,0.731
2026-04-21,consumer,tiktok_creator,US_W,31601,6603,548.73,176.23,3.433
2026-04-21,consumer,tiktok_creator,US_E,35070,7625,686.73,212.51,4.013
2026-04-21,consumer,tiktok_creator,US_C,21250,5490,356.12,112.53,2.800
2026-04-21,consumer,tiktok_creator,CA,9080,1891,154.90,47.05,1.110
2026-04-21,consumer,tiktok_creator,LATAM,30651,7195,504.02,117.10,1.223
2026-04-21,consumer,youtube,US_W,4373,922,70.80,33.73,1.283
2026-04-21,consumer,youtube,US_E,4308,1134,81.81,41.37,1.472
2026-04-21,consumer,youtube,US_C,2410,587,43.43,21.72,0.912
2026-04-21,consumer,youtube,CA,1533,387,29.43,13.20,0.548
2026-04-21,consumer,youtube,LATAM,1093,239,16.65,6.63,0.139
2026-04-21,consumer,reddit_test,US_W,1333,329,19.16,8.73,0.310
2026-04-21,consumer,reddit_test,US_E,1304,256,16.92,7.19,0.284
2026-04-21,consumer,reddit_test,US_C,919,193,11.54,5.43,0.215
2026-04-21,consumer,reddit_test,CA,486,133,6.67,3.09,0.126
2026-04-21,consumer,reddit_test,LATAM,381,88,4.06,1.52,0.032
2026-04-21,enterprise,google_brand,US_W,910,223,16.70,10.41,1.007
2026-04-21,enterprise,google_brand,US_E,1004,201,15.48,10.10,0.946
2026-04-21,enterprise,google_brand,US_C,663,124,10.33,6.44,0.518
2026-04-21,enterprise,google_brand,CA,461,105,8.12,5.38,0.436
2026-04-21,enterprise,google_brand,LATAM,285,51,3.76,1.83,0.082
2026-04-21,enterprise,google_nonbrand,US_W,1189,330,21.89,12.12,0.703
2026-04-21,enterprise,google_nonbrand,US_E,1277,327,21.49,11.17,0.786
2026-04-21,enterprise,google_nonbrand,US_C,941,174,14.20,8.39,0.470
2026-04-21,enterprise,google_nonbrand,CA,581,121,9.59,4.94,0.273
2026-04-21,enterprise,google_nonbrand,LATAM,363,74,5.21,2.39,0.091
2026-04-21,enterprise,linkedin_abm,US_W,3031,618,39.96,28.81,3.715
2026-04-21,enterprise,linkedin_abm,US_E,3122,719,37.43,28.49,3.712
2026-04-21,enterprise,linkedin_abm,US_C,1374,323,14.61,9.65,1.160
2026-04-21,enterprise,linkedin_abm,CA,1057,286,10.78,7.06,1.005
2026-04-21,enterprise,linkedin_abm,LATAM,260,49,2.44,1.41,0.113
2026-04-21,enterprise,linkedin_retarget,US_W,1410,333,12.13,6.97,0.731
2026-04-21,enterprise,linkedin_retarget,US_E,1611,416,12.61,6.90,0.663
2026-04-21,enterprise,linkedin_retarget,US_C,615,125,4.77,2.97,0.321
2026-04-21,enterprise,linkedin_retarget,CA,568,104,4.39,2.67,0.289
2026-04-21,enterprise,linkedin_retarget,LATAM,122,29,0.82,0.35,0.016
2026-04-21,enterprise,meta_prospect,US_W,2737,567,16.80,6.77,0.250
2026-04-21,enterprise,meta_prospect,US_E,2908,768,19.00,7.61,0.294
2026-04-21,enterprise,meta_prospect,US_C,1667,326,12.02,5.08,0.155
2026-04-21,enterprise,meta_prospect,CA,886,221,7.01,3.10,0.116
2026-04-21,enterprise,meta_prospect,LATAM,752,201,3.96,1.24,0.024
2026-04-21,enterprise,youtube,US_W,1212,325,9.08,4.67,0.194
2026-04-21,enterprise,youtube,US_E,1134,284,7.43,3.44,0.144
2026-04-21,enterprise,youtube,US_C,801,161,5.73,2.95,0.112
2026-04-21,enterprise,youtube,CA,514,99,3.75,1.92,0.079
2026-04-21,enterprise,youtube,LATAM,318,57,2.30,0.82,0.018
2026-04-28,consumer,google_brand,US_W,6173,1412,177.86,108.38,8.055
2026-04-28,consumer,google_brand,US_E,6142,1505,186.92,116.61,11.079
2026-04-28,consumer,google_brand,US_C,3968,890,129.24,75.30,7.307
2026-04-28,consumer,google_brand,CA,2204,529,68.93,41.96,3.930
2026-04-28,consumer,google_brand,LATAM,1643,457,45.70,20.77,0.933
2026-04-28,consumer,google_nonbrand,US_W,5447,985,232.02,132.58,8.857
2026-04-28,consumer,google_nonbrand,US_E,6379,1600,299.38,156.53,10.626
2026-04-28,consumer,google_nonbrand,US_C,4186,1091,184.07,96.72,6.860
2026-04-28,consumer,google_nonbrand,CA,2755,506,111.40,61.20,4.027
2026-04-28,consumer,google_nonbrand,LATAM,1649,297,59.88,27.68,0.983
2026-04-28,consumer,meta_prospect,US_W,26406,5485,747.64,314.03,9.904
2026-04-28,consumer,meta_prospect,US_E,23919,6072,656.27,283.23,10.219
2026-04-28,consumer,meta_prospect,US_C,17656,4216,450.68,196.74,6.116
2026-04-28,consumer,meta_prospect,CA,12143,3224,319.93,142.56,5.332
2026-04-28,consumer,meta_prospect,LATAM,6822,1806,164.79,49.87,1.095
2026-04-28,consumer,meta_retarget,US_W,20225,4883,295.92,152.24,8.826
2026-04-28,consumer,meta_retarget,US_E,17775,3958,277.55,142.62,7.750
2026-04-28,consumer,meta_retarget,US_C,13476,2860,203.32,107.26,5.422
2026-04-28,consumer,meta_retarget,CA,7222,1674,107.85,53.89,2.817
2026-04-28,consumer,meta_retarget,LATAM,4557,1148,64.12,23.19,0.747
2026-04-28,consumer,tiktok_creator,US_W,29903,6328,567.39,178.42,3.731
2026-04-28,consumer,tiktok_creator,US_E,39706,10354,639.41,220.66,4.455
2026-04-28,consumer,tiktok_creator,US_C,23267,6416,375.74,128.26,2.565
2026-04-28,consumer,tiktok_creator,CA,8024,1494,155.22,50.67,0.957
2026-04-28,consumer,tiktok_creator,LATAM,32114,5857,445.64,116.52,1.594
2026-04-28,consumer,youtube,US_W,4769,976,76.50,36.56,1.664
2026-04-28,consumer,youtube,US_E,4364,1144,74.69,35.96,1.325
2026-04-28,consumer,youtube,US_C,2517,604,46.66,22.18,0.779
2026-04-28,consumer,youtube,CA,1731,333,30.24,15.62,0.703
2026-04-28,consumer,youtube,LATAM,1066,286,17.60,6.79,0.162
2026-04-28,consumer,reddit_test,US_W,1203,313,15.24,6.51,0.256
2026-04-28,consumer,reddit_test,US_E,1496,284,20.58,8.79,0.289
2026-04-28,consumer,reddit_test,US_C,859,189,10.76,5.04,0.187
2026-04-28,consumer,reddit_test,CA,562,145,6.95,3.26,0.122
2026-04-28,consumer,reddit_test,LATAM,393,87,4.44,1.62,0.030
2026-04-28,enterprise,google_brand,US_W,1165,288,19.65,11.26,0.962
2026-04-28,enterprise,google_brand,US_E,1081,206,16.12,9.21,0.833
2026-04-28,enterprise,google_brand,US_C,690,182,10.28,6.79,0.512
2026-04-28,enterprise,google_brand,CA,451,97,6.81,4.21,0.371
2026-04-28,enterprise,google_brand,LATAM,269,52,3.61,1.62,0.067
2026-04-28,enterprise,google_nonbrand,US_W,1452,335,23.67,13.33,0.791
2026-04-28,enterprise,google_nonbrand,US_E,1448,338,25.04,12.99,0.798
2026-04-28,enterprise,google_nonbrand,US_C,893,186,14.26,8.43,0.526
2026-04-28,enterprise,google_nonbrand,CA,618,120,10.34,5.45,0.370
2026-04-28,enterprise,google_nonbrand,LATAM,376,69,5.38,2.25,0.088
2026-04-28,enterprise,linkedin_abm,US_W,3291,658,34.20,22.61,2.870
2026-04-28,enterprise,linkedin_abm,US_E,2964,738,30.54,21.57,3.194
2026-04-28,enterprise,linkedin_abm,US_C,1311,310,13.96,9.65,1.270
2026-04-28,enterprise,linkedin_abm,CA,1058,201,12.95,9.75,1.533
2026-04-28,enterprise,linkedin_abm,LATAM,287,78,2.53,1.43,0.117
2026-04-28,enterprise,linkedin_retarget,US_W,1615,325,13.58,7.85,0.806
2026-04-28,enterprise,linkedin_retarget,US_E,1649,429,11.27,6.41,0.590
2026-04-28,enterprise,linkedin_retarget,US_C,736,132,5.77,3.08,0.281
2026-04-28,enterprise,linkedin_retarget,CA,547,106,3.93,2.26,0.223
2026-04-28,enterprise,linkedin_retarget,LATAM,145,31,0.86,0.42,0.020
2026-04-28,enterprise,meta_prospect,US_W,2620,528,19.23,7.77,0.245
2026-04-28,enterprise,meta_prospect,US_E,2727,557,19.74,7.89,0.249
2026-04-28,enterprise,meta_prospect,US_C,1609,305,11.98,5.30,0.165
2026-04-28,enterprise,meta_prospect,CA,1148,308,8.54,3.49,0.112
2026-04-28,enterprise,meta_prospect,LATAM,658,142,3.68,1.18,0.020
2026-04-28,enterprise,youtube,US_W,1237,321,8.85,4.33,0.170
2026-04-28,enterprise,youtube,US_E,1316,252,9.04,4.60,0.164
2026-04-28,enterprise,youtube,US_C,732,170,5.85,2.90,0.109
2026-04-28,enterprise,youtube,CA,428,104,3.44,1.76,0.076
2026-04-28,enterprise,youtube,LATAM,313,83,2.19,0.79,0.016
2026-05-05,consumer,google_brand,US_W,5759,1399,204.96,122.60,9.253
2026-05-05,consumer,google_brand,US_E,6093,1452,186.39,115.36,10.474
2026-05-05,consumer,google_brand,US_C,4269,1106,120.80,76.27,5.836
2026-05-05,consumer,google_brand,CA,2348,629,82.89,53.46,4.372
2026-05-05,consumer,google_brand,LATAM,1580,312,46.59,23.30,1.097
2026-05-05,consumer,google_nonbrand,US_W,6620,1824,296.11,162.18,10.300
2026-05-05,consumer,google_nonbrand,US_E,6375,1651,283.51,159.67,9.030
2026-05-05,consumer,google_nonbrand,US_C,4577,1030,192.57,101.41,5.757
2026-05-05,consumer,google_nonbrand,CA,2517,547,113.66,59.08,4.040
2026-05-05,consumer,google_nonbrand,LATAM,1463,275,53.57,23.91,0.765
2026-05-05,consumer,meta_prospect,US_W,28635,5813,674.44,262.47,9.220
2026-05-05,consumer,meta_prospect,US_E,28149,6336,791.14,328.69,11.047
2026-05-05,consumer,meta_prospect,US_C,18777,3892,481.96,187.03,6.432
2026-05-05,consumer,meta_prospect,CA,10171,1907,283.79,126.85,4.166
2026-05-05,consumer,meta_prospect,LATAM,7826,1836,189.10,57.77,1.037
2026-05-05,consumer,meta_retarget,US_W,17123,3285,284.21,138.93,7.324
2026-05-05,consumer,meta_retarget,US_E,18367,4546,258.03,123.85,6.914
2026-05-05,consumer,meta_retarget,US_C,12907,3414,175.34,83.33,4.468
2026-05-05,consumer,meta_retarget,CA,6959,1847,120.72,62.45,3.289
2026-05-05,consumer,meta_retarget,LATAM,5117,1315,74.43,28.01,0.764
2026-05-05,consumer,tiktok_creator,US_W,29824,8189,450.29,151.51,3.591
2026-05-05,consumer,tiktok_creator,US_E,35064,8605,634.21,218.83,5.466
2026-05-05,consumer,tiktok_creator,US_C,26015,5274,458.91,152.10,3.055
2026-05-05,consumer,tiktok_creator,CA,9017,2152,171.57,55.36,1.207
2026-05-05,consumer,tiktok_creator,LATAM,33155,7097,508.96,118.62,1.584
2026-05-05,consumer,youtube,US_W,3901,1069,70.44,33.37,1.310
2026-05-05,consumer,youtube,US_E,4322,790,72.94,32.99,1.468
2026-05-05,consumer,youtube,US_C,2830,718,56.04,26.90,1.127
2026-05-05,consumer,youtube,CA,1727,349,31.55,14.96,0.644
2026-05-05,consumer,youtube,LATAM,1181,294,17.94,6.50,0.147
2026-05-05,consumer,reddit_test,US_W,1452,266,19.82,8.59,0.373
2026-05-05,consumer,reddit_test,US_E,1445,342,17.02,8.20,0.350
2026-05-05,consumer,reddit_test,US_C,910,199,12.59,5.68,0.245
2026-05-05,consumer,reddit_test,CA,485,106,7.03,3.22,0.116
2026-05-05,consumer,reddit_test,LATAM,404,98,4.15,1.44,0.027
2026-05-05,enterprise,google_brand,US_W,1106,218,18.14,11.83,1.037
2026-05-05,enterprise,google_brand,US_E,1025,204,16.62,10.98,0.902
2026-05-05,enterprise,google_brand,US_C,712,148,11.38,7.08,0.594
2026-05-05,enterprise,google_brand,CA,464,84,7.62,4.59,0.438
2026-05-05,enterprise,google_brand,LATAM,295,82,3.93,1.79,0.082
2026-05-05,enterprise,google_nonbrand,US_W,1349,295,23.11,13.53,0.765
2026-05-05,enterprise,google_nonbrand,US_E,1407,296,22.57,13.04,0.849
2026-05-05,enterprise,google_nonbrand,US_C,833,197,14.62,7.80,0.440
2026-05-05,enterprise,google_nonbrand,CA,607,137,8.84,4.63,0.329
2026-05-05,enterprise,google_nonbrand,LATAM,361,94,4.81,2.10,0.066
2026-05-05,enterprise,linkedin_abm,US_W,3020,715,33.15,23.50,3.254
2026-05-05,enterprise,linkedin_abm,US_E,3051,576,39.16,28.45,4.484
2026-05-05,enterprise,linkedin_abm,US_C,1224,323,14.62,10.87,1.472
2026-05-05,enterprise,linkedin_abm,CA,1076,285,11.83,8.29,1.048
2026-05-05,enterprise,linkedin_abm,LATAM,275,61,2.61,1.42,0.114
2026-05-05,enterprise,linkedin_retarget,US_W,1813,343,14.22,8.51,0.698
2026-05-05,enterprise,linkedin_retarget,US_E,1742,341,12.12,7.46,0.717
2026-05-05,enterprise,linkedin_retarget,US_C,737,137,5.88,3.53,0.376
2026-05-05,enterprise,linkedin_retarget,CA,597,132,4.29,2.59,0.218
2026-05-05,enterprise,linkedin_retarget,LATAM,144,36,0.96,0.43,0.025
2026-05-05,enterprise,meta_prospect,US_W,2448,480,17.11,6.85,0.207
2026-05-05,enterprise,meta_prospect,US_E,2678,653,18.76,8.10,0.280
2026-05-05,enterprise,meta_prospect,US_C,1548,340,11.54,4.61,0.139
2026-05-05,enterprise,meta_prospect,CA,1026,257,7.99,3.16,0.116
2026-05-05,enterprise,meta_prospect,LATAM,708,160,4.18,1.28,0.026
2026-05-05,enterprise,youtube,US_W,1126,251,8.74,4.18,0.156
2026-05-05,enterprise,youtube,US_E,1230,324,10.21,4.98,0.180
2026-05-05,enterprise,youtube,US_C,805,204,6.81,3.10,0.130
2026-05-05,enterprise,youtube,CA,447,92,3.51,1.67,0.060
2026-05-05,enterprise,youtube,LATAM,325,87,1.88,0.71,0.015
2026-05-12,consumer,google_brand,US_W,5628,1370,180.06,112.05,9.988
2026-05-12,consumer,google_brand,US_E,5928,1127,175.31,112.00,9.360
2026-05-12,consumer,google_brand,US_C,3663,677,117.61,71.49,5.533
2026-05-12,consumer,google_brand,CA,2122,574,66.39,39.19,2.847
2026-05-12,consumer,google_brand,LATAM,1485,269,44.65,22.70,1.119
2026-05-12,consumer,google_nonbrand,US_W,6148,1696,304.49,156.66,10.690
2026-05-12,consumer,google_nonbrand,US_E,6511,1643,276.31,140.88,8.768
2026-05-12,consumer,google_nonbrand,US_C,4501,955,209.12,117.35,7.548
2026-05-12,consumer,google_nonbrand,CA,2751,603,106.35,57.82,3.297
2026-05-12,consumer,google_nonbrand,LATAM,1636,347,70.05,27.72,0.989
2026-05-12,consumer,meta_prospect,US_W,23166,4662,611.13,245.18,8.988
2026-05-12,consumer,meta_prospect,US_E,26522,6428,738.33,287.47,11.225
2026-05-12,consumer,meta_prospect,US_C,17719,4549,471.93,198.20,7.958
2026-05-12,consumer,meta_prospect,CA,10478,2715,254.56,114.14,4.078
2026-05-12,consumer,meta_prospect,LATAM,6764,1281,160.87,51.22,1.025
2026-05-12,consumer,meta_retarget,US_W,16966,4622,243.82,127.20,5.886
2026-05-12,consumer,meta_retarget,US_E,18216,4666,281.39,144.92,8.616
2026-05-12,consumer,meta_retarget,US_C,12725,2376,188.07,86.78,5.070
2026-05-12,consumer,meta_retarget,CA,7979,1843,126.84,65.87,3.429
2026-05-12,consumer,meta_retarget,LATAM,5564,1008,73.78,26.57,0.819
2026-05-12,consumer,tiktok_creator,US_W,25774,5248,468.55,148.22,3.010
2026-05-12,consumer,tiktok_creator,US_E,33157,6424,651.55,208.45,4.176
2026-05-12,consumer,tiktok_creator,US_C,23484,5734,380.96,116.80,2.743
2026-05-12,consumer,tiktok_creator,CA,9396,2108,159.14,54.00,1.058
2026-05-12,consumer,tiktok_creator,LATAM,31049,8032,486.80,112.55,1.481
2026-05-12,consumer,youtube,US_W,4504,1176,73.80,36.84,1.354
2026-05-12,consumer,youtube,US_E,3927,841,63.23,28.92,1.002
2026-05-12,consumer,youtube,US_C,3133,873,53.74,27.04,1.145
2026-05-12,consumer,youtube,CA,1692,452,30.67,14.77,0.535
2026-05-12,consumer,youtube,LATAM,1230,229,16.82,6.29,0.157
2026-05-12,consumer,reddit_test,US_W,1230,343,18.08,8.90,0.300
2026-05-12,consumer,reddit_test,US_E,1395,327,19.23,9.26,0.321
2026-05-12,consumer,reddit_test,US_C,854,190,12.14,5.55,0.190
2026-05-12,consumer,reddit_test,CA,522,116,6.88,3.22,0.115
2026-05-12,consumer,reddit_test,LATAM,398,110,3.99,1.36,0.032
2026-05-12,enterprise,google_brand,US_W,1167,321,17.42,10.56,0.864
2026-05-12,enterprise,google_brand,US_E,1098,244,16.68,10.52,0.877
2026-05-12,enterprise,google_brand,US_C,648,178,9.95,6.15,0.564
2026-05-12,enterprise,google_brand,CA,439,82,6.64,4.38,0.350
2026-05-12,enterprise,google_brand,LATAM,276,64,3.84,1.76,0.079
2026-05-12,enterprise,google_nonbrand,US_W,1261,262,21.52,11.95,0.737
2026-05-12,enterprise,google_nonbrand,US_E,1418,356,23.44,12.26,0.855
2026-05-12,enterprise,google_nonbrand,US_C,935,248,18.08,10.31,0.615
2026-05-12,enterprise,google_nonbrand,CA,556,123,9.05,4.89,0.325
2026-05-12,enterprise,google_nonbrand,LATAM,355,74,4.70,2.17,0.065
2026-05-12,enterprise,linkedin_abm,US_W,3253,908,34.97,23.34,3.691
2026-05-12,enterprise,linkedin_abm,US_E,3076,788,38.09,29.02,4.394
2026-05-12,enterprise,linkedin_abm,US_C,1373,294,13.88,10.18,1.484
2026-05-12,enterprise,linkedin_abm,CA,967,179,11.92,8.31,1.137
2026-05-12,enterprise,linkedin_abm,LATAM,268,61,2.59,1.53,0.113
2026-05-12,enterprise,linkedin_retarget,US_W,1645,300,12.67,7.54,0.641
2026-05-12,enterprise,linkedin_retarget,US_E,1685,462,13.85,7.58,0.666
2026-05-12,enterprise,linkedin_retarget,US_C,745,183,6.14,3.37,0.283
2026-05-12,enterprise,linkedin_retarget,CA,505,126,4.30,2.45,0.247
2026-05-12,enterprise,linkedin_retarget,LATAM,140,26,0.87,0.42,0.024
2026-05-12,enterprise,meta_prospect,US_W,2580,574,21.04,9.11,0.319
2026-05-12,enterprise,meta_prospect,US_E,2726,732,20.56,8.75,0.328
2026-05-12,enterprise,meta_prospect,US_C,1946,530,13.22,5.88,0.182
2026-05-12,enterprise,meta_prospect,CA,973,252,6.55,2.89,0.094
2026-05-12,enterprise,meta_prospect,LATAM,712,181,4.12,1.39,0.023
2026-05-12,enterprise,youtube,US_W,1163,266,10.05,4.51,0.195
2026-05-12,enterprise,youtube,US_E,1226,271,9.18,4.26,0.167
2026-05-12,enterprise,youtube,US_C,697,138,5.73,2.59,0.103
2026-05-12,enterprise,youtube,CA,467,89,3.90,1.89,0.069
2026-05-12,enterprise,youtube,LATAM,323,82,2.31,0.91,0.018
2026-05-19,consumer,google_brand,US_W,5649,1509,170.21,104.53,9.986
2026-05-19,consumer,google_brand,US_E,5491,1337,195.24,112.91,8.405
2026-05-19,consumer,google_brand,US_C,3475,647,107.68,61.74,4.830
2026-05-19,consumer,google_brand,CA,2411,617,82.39,47.07,3.720
2026-05-19,consumer,google_brand,LATAM,1602,394,43.44,21.98,0.886
2026-05-19,consumer,google_nonbrand,US_W,5698,1476,276.41,149.00,9.294
2026-05-19,consumer,google_nonbrand,US_E,6387,1319,285.61,156.73,10.466
2026-05-19,consumer,google_nonbrand,US_C,3886,830,157.87,89.36,5.279
2026-05-19,consumer,google_nonbrand,CA,2702,551,124.12,66.75,4.012
2026-05-19,consumer,google_nonbrand,LATAM,1653,458,61.39,27.91,1.039
2026-05-19,consumer,meta_prospect,US_W,25700,6863,741.93,306.71,11.815
2026-05-19,consumer,meta_prospect,US_E,27474,5015,639.16,252.25,8.910
2026-05-19,consumer,meta_prospect,US_C,19694,5024,457.51,184.42,6.362
2026-05-19,consumer,meta_prospect,CA,11886,3173,305.64,128.68,4.720
2026-05-19,consumer,meta_prospect,LATAM,6709,1635,152.04,53.33,0.972
2026-05-19,consumer,meta_retarget,US_W,20028,5354,305.53,164.24,9.145
2026-05-19,consumer,meta_retarget,US_E,19749,4016,314.16,156.69,8.733
2026-05-19,consumer,meta_retarget,US_C,14344,3081,201.77,107.97,6.358
2026-05-19,consumer,meta_retarget,CA,7769,1909,112.49,58.04,2.656
2026-05-19,consumer,meta_retarget,LATAM,4910,1181,64.68,26.08,0.829
2026-05-19,consumer,tiktok_creator,US_W,29495,7624,480.32,159.03,3.007
2026-05-19,consumer,tiktok_creator,US_E,36397,6868,650.41,219.20,5.540
2026-05-19,consumer,tiktok_creator,US_C,24103,5463,364.88,124.17,3.105
2026-05-19,consumer,tiktok_creator,CA,9305,2177,173.78,53.33,1.057
2026-05-19,consumer,tiktok_creator,LATAM,31957,7988,435.11,101.75,1.413
2026-05-19,consumer,youtube,US_W,3965,1082,78.73,36.74,1.418
2026-05-19,consumer,youtube,US_E,3988,1004,66.51,32.77,1.488
2026-05-19,consumer,youtube,US_C,2765,681,48.69,24.95,1.038
2026-05-19,consumer,youtube,CA,1804,468,34.04,15.90,0.583
2026-05-19,consumer,youtube,LATAM,1120,305,15.55,5.42,0.114
2026-05-19,consumer,reddit_test,US_W,1557,395,20.12,9.59,0.381
2026-05-19,consumer,reddit_test,US_E,1568,433,18.02,8.21,0.287
2026-05-19,consumer,reddit_test,US_C,938,196,12.42,5.36,0.194
2026-05-19,consumer,reddit_test,CA,587,116,8.06,3.97,0.154
2026-05-19,consumer,reddit_test,LATAM,369,77,4.54,1.60,0.036
2026-05-19,enterprise,google_brand,US_W,1150,274,18.89,11.13,0.914
2026-05-19,enterprise,google_brand,US_E,1177,302,20.51,13.32,1.280
2026-05-19,enterprise,google_brand,US_C,709,174,11.32,7.12,0.534
2026-05-19,enterprise,google_brand,CA,389,103,7.25,4.36,0.406
2026-05-19,enterprise,google_brand,LATAM,276,55,3.85,1.92,0.080
2026-05-19,enterprise,google_nonbrand,US_W,1579,402,24.75,14.37,0.979
2026-05-19,enterprise,google_nonbrand,US_E,1337,283,24.98,13.74,0.900
2026-05-19,enterprise,google_nonbrand,US_C,945,250,15.30,8.51,0.549
2026-05-19,enterprise,google_nonbrand,CA,525,109,9.50,5.61,0.302
2026-05-19,enterprise,google_nonbrand,LATAM,407,79,5.68,2.52,0.095
2026-05-19,enterprise,linkedin_abm,US_W,3336,675,36.34,26.77,4.224
2026-05-19,enterprise,linkedin_abm,US_E,3406,904,38.46,28.30,3.723
2026-05-19,enterprise,linkedin_abm,US_C,1544,418,16.45,11.04,1.324
2026-05-19,enterprise,linkedin_abm,CA,1130,251,12.53,8.86,1.184
2026-05-19,enterprise,linkedin_abm,LATAM,263,49,2.60,1.49,0.107
2026-05-19,enterprise,linkedin_retarget,US_W,1897,474,14.41,8.42,0.703
2026-05-19,enterprise,linkedin_retarget,US_E,1553,402,12.01,7.37,0.607
2026-05-19,enterprise,linkedin_retarget,US_C,772,162,5.52,3.28,0.319
2026-05-19,enterprise,linkedin_retarget,CA,545,124,3.88,2.39,0.208
2026-05-19,enterprise,linkedin_retarget,LATAM,144,28,0.86,0.40,0.020
2026-05-19,enterprise,meta_prospect,US_W,2614,497,19.29,8.47,0.328
2026-05-19,enterprise,meta_prospect,US_E,2435,677,18.50,7.99,0.252
2026-05-19,enterprise,meta_prospect,US_C,1568,337,10.94,4.58,0.182
2026-05-19,enterprise,meta_prospect,CA,960,222,6.83,2.79,0.096
2026-05-19,enterprise,meta_prospect,LATAM,629,158,4.26,1.34,0.023
2026-05-19,enterprise,youtube,US_W,1225,257,8.94,4.36,0.157
2026-05-19,enterprise,youtube,US_E,1240,319,8.81,4.56,0.192
2026-05-19,enterprise,youtube,US_C,736,166,6.23,3.14,0.121
2026-05-19,enterprise,youtube,CA,511,114,3.49,1.54,0.055
2026-05-19,enterprise,youtube,LATAM,300,73,1.99,0.79,0.016
2026-05-26,consumer,google_brand,US_W,5935,1654,184.36,113.93,10.247
2026-05-26,consumer,google_brand,US_E,5717,1368,177.75,108.16,10.572
2026-05-26,consumer,google_brand,US_C,4088,857,139.15,81.10,6.532
2026-05-26,consumer,google_brand,CA,2499,665,79.99,49.89,4.120
2026-05-26,consumer,google_brand,LATAM,1661,364,44.94,22.84,1.158
2026-05-26,consumer,google_nonbrand,US_W,6873,1281,293.71,170.25,10.679
2026-05-26,consumer,google_nonbrand,US_E,6775,1661,264.57,151.42,8.564
2026-05-26,consumer,google_nonbrand,US_C,4173,800,182.58,106.24,6.972
2026-05-26,consumer,google_nonbrand,CA,2512,564,131.77,70.32,3.757
2026-05-26,consumer,google_nonbrand,LATAM,1676,411,63.88,25.60,0.809
2026-05-26,consumer,meta_prospect,US_W,28268,5327,711.23,280.78,9.233
2026-05-26,consumer,meta_prospect,US_E,26305,5186,617.25,279.03,10.230
2026-05-26,consumer,meta_prospect,US_C,20182,3725,534.82,240.65,9.445
2026-05-26,consumer,meta_prospect,CA,11147,2601,294.65,116.62,4.070
2026-05-26,consumer,meta_prospect,LATAM,6838,1853,159.47,56.39,1.120
2026-05-26,consumer,meta_retarget,US_W,17460,4343,287.88,147.69,6.631
2026-05-26,consumer,meta_retarget,US_E,18215,3536,303.39,160.34,7.625
2026-05-26,consumer,meta_retarget,US_C,11923,2804,208.09,105.57,5.123
2026-05-26,consumer,meta_retarget,CA,7159,1590,104.44,52.64,2.541
2026-05-26,consumer,meta_retarget,LATAM,5157,1012,67.65,26.20,0.849
2026-05-26,consumer,tiktok_creator,US_W,26529,7269,468.21,141.27,2.832
2026-05-26,consumer,tiktok_creator,US_E,34451,7129,590.06,192.84,4.428
2026-05-26,consumer,tiktok_creator,US_C,20736,4901,369.77,121.12,2.674
2026-05-26,consumer,tiktok_creator,CA,8203,2150,160.95,49.99,1.195
2026-05-26,consumer,tiktok_creator,LATAM,31002,8569,424.36,101.64,1.145
2026-05-26,consumer,youtube,US_W,4353,1081,70.59,33.38,1.267
2026-05-26,consumer,youtube,US_E,3913,1060,68.07,34.13,1.220
2026-05-26,consumer,youtube,US_C,2874,595,44.91,20.17,0.923
2026-05-26,consumer,youtube,CA,1596,439,28.93,14.51,0.515
2026-05-26,consumer,youtube,LATAM,1150,307,15.80,6.00,0.144
2026-05-26,consumer,reddit_test,US_W,1273,273,18.87,8.78,0.312
2026-05-26,consumer,reddit_test,US_E,1292,245,16.81,7.17,0.258
2026-05-26,consumer,reddit_test,US_C,971,192,13.35,6.44,0.258
2026-05-26,consumer,reddit_test,CA,556,130,6.63,3.24,0.119
2026-05-26,consumer,reddit_test,LATAM,380,78,3.73,1.38,0.031
2026-05-26,enterprise,google_brand,US_W,1130,219,18.85,11.81,0.934
2026-05-26,enterprise,google_brand,US_E,1179,287,18.14,11.01,1.014
2026-05-26,enterprise,google_brand,US_C,791,175,13.30,8.19,0.683
2026-05-26,enterprise,google_brand,CA,398,90,6.26,3.75,0.362
2026-05-26,enterprise,google_brand,LATAM,310,78,3.85,1.99,0.085
2026-05-26,enterprise,google_nonbrand,US_W,1396,263,24.14,12.86,0.862
2026-05-26,enterprise,google_nonbrand,US_E,1441,350,21.49,11.02,0.630
2026-05-26,enterprise,google_nonbrand,US_C,1041,247,16.80,8.63,0.500
2026-05-26,enterprise,google_nonbrand,CA,603,157,10.14,5.14,0.362
2026-05-26,enterprise,google_nonbrand,LATAM,407,111,6.09,2.46,0.084
2026-05-26,enterprise,linkedin_abm,US_W,3334,825,37.90,27.05,3.360
2026-05-26,enterprise,linkedin_abm,US_E,2819,561,33.69,25.19,3.005
2026-05-26,enterprise,linkedin_abm,US_C,1273,297,14.04,9.72,1.563
2026-05-26,enterprise,linkedin_abm,CA,1188,323,12.70,9.74,1.545
2026-05-26,enterprise,linkedin_abm,LATAM,281,51,2.45,1.35,0.093
2026-05-26,enterprise,linkedin_retarget,US_W,1609,412,11.52,7.11,0.610
2026-05-26,enterprise,linkedin_retarget,US_E,1517,293,12.40,7.02,0.577
2026-05-26,enterprise,linkedin_retarget,US_C,676,133,4.76,2.97,0.268
2026-05-26,enterprise,linkedin_retarget,CA,601,158,4.66,2.85,0.300
2026-05-26,enterprise,linkedin_retarget,LATAM,136,31,0.85,0.37,0.016
2026-05-26,enterprise,meta_prospect,US_W,2877,631,18.39,8.25,0.326
2026-05-26,enterprise,meta_prospect,US_E,2844,658,17.37,7.75,0.307
2026-05-26,enterprise,meta_prospect,US_C,1980,524,13.60,5.31,0.158
2026-05-26,enterprise,meta_prospect,CA,1083,227,7.23,2.85,0.095
2026-05-26,enterprise,meta_prospect,LATAM,697,153,3.89,1.17,0.022
2026-05-26,enterprise,youtube,US_W,1214,282,9.88,5.04,0.196
2026-05-26,enterprise,youtube,US_E,1270,229,9.75,4.88,0.181
2026-05-26,enterprise,youtube,US_C,846,183,6.66,3.13,0.140
2026-05-26,enterprise,youtube,CA,473,97,3.81,1.97,0.083
2026-05-26,enterprise,youtube,LATAM,297,57,1.81,0.70,0.013
2026-06-02,consumer,google_brand,US_W,6572,1649,181.23,105.36,8.378
2026-06-02,consumer,google_brand,US_E,5268,1170,165.95,100.11,7.314
2026-06-02,consumer,google_brand,US_C,3918,1076,125.43,83.49,8.124
2026-06-02,consumer,google_brand,CA,2337,534,84.74,52.50,4.706
2026-06-02,consumer,google_brand,LATAM,1386,353,36.75,18.57,0.842
2026-06-02,consumer,google_nonbrand,US_W,6988,1776,287.91,166.60,9.187
2026-06-02,consumer,google_nonbrand,US_E,7574,1963,310.10,160.35,9.477
2026-06-02,consumer,google_nonbrand,US_C,3944,979,181.56,92.70,6.316
2026-06-02,consumer,google_nonbrand,CA,2378,570,101.20,51.28,3.160
2026-06-02,consumer,google_nonbrand,LATAM,1626,306,63.95,27.12,0.958
2026-06-02,consumer,meta_prospect,US_W,30141,5988,789.13,319.83,9.901
2026-06-02,consumer,meta_prospect,US_E,28394,7101,802.86,346.18,11.859
2026-06-02,consumer,meta_prospect,US_C,19966,5156,512.29,201.50,7.540
2026-06-02,consumer,meta_prospect,CA,11001,2187,300.93,133.57,4.856
2026-06-02,consumer,meta_prospect,LATAM,7318,1405,177.43,57.21,1.027
2026-06-02,consumer,meta_retarget,US_W,18476,3595,321.90,148.53,7.028
2026-06-02,consumer,meta_retarget,US_E,20091,4380,264.95,133.00,7.332
2026-06-02,consumer,meta_retarget,US_C,12978,2623,186.85,92.32,4.169
2026-06-02,consumer,meta_retarget,CA,7672,1420,125.21,58.70,2.927
2026-06-02,consumer,meta_retarget,LATAM,5987,1503,78.27,29.29,0.937
2026-06-02,consumer,tiktok_creator,US_W,22858,4115,431.19,141.52,2.947
2026-06-02,consumer,tiktok_creator,US_E,35538,7392,680.76,221.56,4.773
2026-06-02,consumer,tiktok_creator,US_C,21543,4936,378.57,117.93,2.292
2026-06-02,consumer,tiktok_creator,CA,8278,2055,153.96,51.40,1.005
2026-06-02,consumer,tiktok_creator,LATAM,32496,8481,503.10,130.45,1.621
2026-06-02,consumer,youtube,US_W,4608,939,87.55,40.52,1.662
2026-06-02,consumer,youtube,US_E,3987,760,70.45,34.52,1.423
2026-06-02,consumer,youtube,US_C,2782,770,49.51,25.23,1.105
2026-06-02,consumer,youtube,CA,1878,421,34.23,15.38,0.697
2026-06-02,consumer,youtube,LATAM,1103,231,17.52,6.53,0.155
2026-06-02,consumer,reddit_test,US_W,1437,280,18.51,8.01,0.297
2026-06-02,consumer,reddit_test,US_E,1515,407,20.93,10.03,0.421
2026-06-02,consumer,reddit_test,US_C,1046,224,14.30,6.44,0.254
2026-06-02,consumer,reddit_test,CA,535,119,6.94,3.18,0.122
2026-06-02,consumer,reddit_test,LATAM,413,107,4.48,1.52,0.030
2026-06-02,enterprise,google_brand,US_W,1198,250,20.06,13.34,0.985
2026-06-02,enterprise,google_brand,US_E,1178,234,18.18,11.84,1.005
2026-06-02,enterprise,google_brand,US_C,815,188,13.39,7.74,0.645
2026-06-02,enterprise,google_brand,CA,407,96,7.06,4.30,0.377
2026-06-02,enterprise,google_brand,LATAM,259,46,3.43,1.68,0.081
2026-06-02,enterprise,google_nonbrand,US_W,1295,353,23.83,13.13,0.815
2026-06-02,enterprise,google_nonbrand,US_E,1555,320,26.82,15.58,0.907
2026-06-02,enterprise,google_nonbrand,US_C,960,184,16.65,8.75,0.548
2026-06-02,enterprise,google_nonbrand,CA,522,127,8.31,4.89,0.283
2026-06-02,enterprise,google_nonbrand,LATAM,372,99,5.93,2.36,0.092
2026-06-02,enterprise,linkedin_abm,US_W,3466,696,33.91,22.60,3.305
2026-06-02,enterprise,linkedin_abm,US_E,3448,955,35.74,24.66,3.915
2026-06-02,enterprise,linkedin_abm,US_C,1287,265,14.78,9.88,1.548
2026-06-02,enterprise,linkedin_abm,CA,980,272,10.67,7.73,0.923
2026-06-02,enterprise,linkedin_abm,LATAM,291,73,2.64,1.41,0.101
2026-06-02,enterprise,linkedin_retarget,US_W,1630,400,12.64,7.76,0.835
2026-06-02,enterprise,linkedin_retarget,US_E,1677,423,12.31,7.35,0.792
2026-06-02,enterprise,linkedin_retarget,US_C,643,156,4.82,2.84,0.246
2026-06-02,enterprise,linkedin_retarget,CA,558,118,4.45,2.46,0.243
2026-06-02,enterprise,linkedin_retarget,LATAM,138,30,0.86,0.39,0.022
2026-06-02,enterprise,meta_prospect,US_W,2773,540,21.27,8.90,0.311
2026-06-02,enterprise,meta_prospect,US_E,2921,764,22.83,9.09,0.325
2026-06-02,enterprise,meta_prospect,US_C,1806,357,13.18,5.34,0.176
2026-06-02,enterprise,meta_prospect,CA,1172,306,8.46,3.66,0.116
2026-06-02,enterprise,meta_prospect,LATAM,656,146,3.91,1.27,0.026
2026-06-02,enterprise,youtube,US_W,1345,339,9.60,4.34,0.187
2026-06-02,enterprise,youtube,US_E,1092,207,8.36,3.94,0.139
2026-06-02,enterprise,youtube,US_C,788,207,6.94,3.56,0.127
2026-06-02,enterprise,youtube,CA,478,98,3.55,1.82,0.075
2026-06-02,enterprise,youtube,LATAM,354,64,2.00,0.78,0.017
2026-06-09,consumer,google_brand,US_W,5722,1517,177.95,103.00,7.808
2026-06-09,consumer,google_brand,US_E,6744,1815,191.89,124.98,10.009
2026-06-09,consumer,google_brand,US_C,4432,905,152.90,95.46,7.548
2026-06-09,consumer,google_brand,CA,2391,435,77.70,44.66,3.847
2026-06-09,consumer,google_brand,LATAM,1438,386,42.24,20.15,0.801
2026-06-09,consumer,google_nonbrand,US_W,6028,1221,270.03,145.79,8.641
2026-06-09,consumer,google_nonbrand,US_E,5847,1591,256.31,145.13,9.502
2026-06-09,consumer,google_nonbrand,US_C,4245,1146,177.14,97.30,6.921
2026-06-09,consumer,google_nonbrand,CA,2737,754,131.59,69.85,3.780
2026-06-09,consumer,google_nonbrand,LATAM,1671,361,64.15,29.39,0.877
2026-06-09,consumer,meta_prospect,US_W,25653,5005,734.72,305.06,10.148
2026-06-09,consumer,meta_prospect,US_E,28246,6285,756.83,337.86,12.489
2026-06-09,consumer,meta_prospect,US_C,20913,4364,572.62,254.95,8.310
2026-06-09,consumer,meta_prospect,CA,10859,2355,278.54,112.60,4.422
2026-06-09,consumer,meta_prospect,LATAM,7790,2016,156.63,54.28,1.195
2026-06-09,consumer,meta_retarget,US_W,19673,3829,313.17,147.76,7.561
2026-06-09,consumer,meta_retarget,US_E,20532,5700,301.19,158.18,7.271
2026-06-09,consumer,meta_retarget,US_C,13142,3320,201.63,95.08,4.682
2026-06-09,consumer,meta_retarget,CA,7428,1907,121.03,59.09,3.067
2026-06-09,consumer,meta_retarget,LATAM,5324,1476,65.76,26.06,0.776
2026-06-09,consumer,tiktok_creator,US_W,23780,6525,404.31,138.11,2.932
2026-06-09,consumer,tiktok_creator,US_E,35946,8406,642.05,205.21,4.564
2026-06-09,consumer,tiktok_creator,US_C,21168,3987,408.86,135.33,3.001
2026-06-09,consumer,tiktok_creator,CA,8274,2160,129.54,39.59,0.763
2026-06-09,consumer,tiktok_creator,LATAM,28195,5648,461.35,121.61,1.411
2026-06-09,consumer,youtube,US_W,4289,829,74.58,33.57,1.508
2026-06-09,consumer,youtube,US_E,4054,1074,74.10,37.15,1.325
2026-06-09,consumer,youtube,US_C,2819,742,55.69,26.95,1.218
2026-06-09,consumer,youtube,CA,1779,357,30.74,14.10,0.606
2026-06-09,consumer,youtube,LATAM,1095,273,16.74,5.91,0.139
2026-06-09,consumer,reddit_test,US_W,1557,346,20.48,8.75,0.293
2026-06-09,consumer,reddit_test,US_E,1414,321,17.18,8.02,0.274
2026-06-09,consumer,reddit_test,US_C,1009,195,13.98,6.17,0.200
2026-06-09,consumer,reddit_test,CA,645,142,8.26,3.96,0.149
2026-06-09,consumer,reddit_test,LATAM,355,82,4.02,1.55,0.032
2026-06-09,enterprise,google_brand,US_W,1242,278,20.84,13.22,0.960
2026-06-09,enterprise,google_brand,US_E,1083,201,18.69,11.85,1.039
2026-06-09,enterprise,google_brand,US_C,784,153,13.33,8.13,0.675
2026-06-09,enterprise,google_brand,CA,525,118,7.55,4.84,0.381
2026-06-09,enterprise,google_brand,LATAM,311,65,4.45,2.06,0.109
2026-06-09,enterprise,google_nonbrand,US_W,1614,305,28.22,15.22,1.071
2026-06-09,enterprise,google_nonbrand,US_E,1543,339,23.64,12.08,0.725
2026-06-09,enterprise,google_nonbrand,US_C,1025,284,16.07,8.99,0.487
2026-06-09,enterprise,google_nonbrand,CA,632,143,10.31,5.81,0.350
2026-06-09,enterprise,google_nonbrand,LATAM,378,70,4.96,2.08,0.069
2026-06-09,enterprise,linkedin_abm,US_W,3158,601,39.64,27.53,4.176
2026-06-09,enterprise,linkedin_abm,US_E,2923,596,33.24,22.33,2.757
2026-06-09,enterprise,linkedin_abm,US_C,1317,238,14.52,10.98,1.394
2026-06-09,enterprise,linkedin_abm,CA,1089,297,12.01,8.17,1.002
2026-06-09,enterprise,linkedin_abm,LATAM,254,46,2.56,1.53,0.117
2026-06-09,enterprise,linkedin_retarget,US_W,1561,295,13.37,7.52,0.817
2026-06-09,enterprise,linkedin_retarget,US_E,1639,452,11.91,6.91,0.620
2026-06-09,enterprise,linkedin_retarget,US_C,761,164,5.34,2.91,0.291
2026-06-09,enterprise,linkedin_retarget,CA,616,166,5.18,3.01,0.286
2026-06-09,enterprise,linkedin_retarget,LATAM,131,23,0.86,0.41,0.021
2026-06-09,enterprise,meta_prospect,US_W,2881,529,18.18,7.22,0.267
2026-06-09,enterprise,meta_prospect,US_E,2508,608,17.34,7.81,0.251
2026-06-09,enterprise,meta_prospect,US_C,1645,408,12.78,5.06,0.189
2026-06-09,enterprise,meta_prospect,CA,1162,267,7.23,3.28,0.118
2026-06-09,enterprise,meta_prospect,LATAM,685,175,4.53,1.47,0.025
2026-06-09,enterprise,youtube,US_W,1082,262,9.30,4.78,0.165
2026-06-09,enterprise,youtube,US_E,1334,331,9.23,4.25,0.195
2026-06-09,enterprise,youtube,US_C,892,246,6.53,3.17,0.146
2026-06-09,enterprise,youtube,CA,496,90,4.06,2.03,0.077
2026-06-09,enterprise,youtube,LATAM,361,93,2.02,0.80,0.018
2026-06-16,consumer,google_brand,US_W,5931,1168,192.63,115.52,8.547
2026-06-16,consumer,google_brand,US_E,6194,1333,203.40,117.45,10.615
2026-06-16,consumer,google_brand,US_C,3994,1112,132.57,88.49,8.115
2026-06-16,consumer,google_brand,CA,2526,688,80.11,53.16,5.158
2026-06-16,consumer,google_brand,LATAM,1651,357,43.00,20.08,0.913
2026-06-16,consumer,google_nonbrand,US_W,6732,1669,312.54,170.27,10.596
2026-06-16,consumer,google_nonbrand,US_E,6455,1364,264.44,135.75,8.197
2026-06-16,consumer,google_nonbrand,US_C,4715,1262,211.22,125.30,6.703
2026-06-16,consumer,google_nonbrand,CA,2610,484,118.62,68.27,4.487
2026-06-16,consumer,google_nonbrand,LATAM,1595,311,60.24,24.21,0.795
2026-06-16,consumer,meta_prospect,US_W,27820,7382,614.61,246.70,9.604
2026-06-16,consumer,meta_prospect,US_E,23975,5152,560.49,234.22,8.284
2026-06-16,consumer,meta_prospect,US_C,18465,3525,412.66,164.45,5.080
2026-06-16,consumer,meta_prospect,CA,10784,2369,240.50,99.93,3.394
2026-06-16,consumer,meta_prospect,LATAM,5696,1220,118.95,39.62,0.697
2026-06-16,consumer,meta_retarget,US_W,17766,3400,230.99,114.66,6.043
2026-06-16,consumer,meta_retarget,US_E,18106,3522,206.59,98.56,5.230
2026-06-16,consumer,meta_retarget,US_C,13202,3398,158.74,73.81,4.194
2026-06-16,consumer,meta_retarget,CA,7830,2175,104.64,49.92,2.371
2026-06-16,consumer,meta_retarget,LATAM,4264,1090,55.54,21.39,0.566
2026-06-16,consumer,tiktok_creator,US_W,24310,4720,439.36,135.51,2.607
2026-06-16,consumer,tiktok_creator,US_E,32612,7342,524.30,165.62,3.331
2026-06-16,consumer,tiktok_creator,US_C,24616,4884,424.75,126.22,3.106
2026-06-16,consumer,tiktok_creator,CA,8176,2259,154.41,47.81,0.957
2026-06-16,consumer,tiktok_creator,LATAM,28354,6469,380.66,95.55,1.255
2026-06-16,consumer,youtube,US_W,5173,1157,84.27,43.12,1.761
2026-06-16,consumer,youtube,US_E,4695,1108,80.18,40.91,1.488
2026-06-16,consumer,youtube,US_C,2976,707,55.73,25.23,1.059
2026-06-16,consumer,youtube,CA,1786,452,30.64,15.47,0.662
2026-06-16,consumer,youtube,LATAM,1216,327,18.07,7.24,0.159
2026-06-16,consumer,reddit_test,US_W,1382,358,17.52,8.28,0.292
2026-06-16,consumer,reddit_test,US_E,1520,423,20.34,10.02,0.422
2026-06-16,consumer,reddit_test,US_C,1029,250,12.96,6.04,0.197
2026-06-16,consumer,reddit_test,CA,583,115,7.31,3.47,0.143
2026-06-16,consumer,reddit_test,LATAM,371,74,4.08,1.40,0.026
2026-06-16,enterprise,google_brand,US_W,1268,349,21.99,13.35,1.088
2026-06-16,enterprise,google_brand,US_E,1191,250,20.49,13.35,1.007
2026-06-16,enterprise,google_brand,US_C,806,225,11.94,7.30,0.593
2026-06-16,enterprise,google_brand,CA,495,110,8.12,5.42,0.438
2026-06-16,enterprise,google_brand,LATAM,328,74,4.26,2.02,0.096
2026-06-16,enterprise,google_nonbrand,US_W,1458,325,24.31,12.91,0.839
2026-06-16,enterprise,google_nonbrand,US_E,1535,373,22.73,12.91,0.905
2026-06-16,enterprise,google_nonbrand,US_C,1091,207,17.87,9.18,0.627
2026-06-16,enterprise,google_nonbrand,CA,540,98,8.81,5.18,0.283
2026-06-16,enterprise,google_nonbrand,LATAM,409,99,5.19,2.24,0.080
2026-06-16,enterprise,linkedin_abm,US_W,3067,799,37.71,27.49,4.255
2026-06-16,enterprise,linkedin_abm,US_E,3295,849,40.04,28.66,3.549
2026-06-16,enterprise,linkedin_abm,US_C,1510,415,17.12,11.86,1.807
2026-06-16,enterprise,linkedin_abm,CA,1184,320,13.50,9.81,1.490
2026-06-16,enterprise,linkedin_abm,LATAM,277,75,2.88,1.67,0.129
2026-06-16,enterprise,linkedin_retarget,US_W,1647,404,13.94,7.84,0.834
2026-06-16,enterprise,linkedin_retarget,US_E,1802,445,13.52,7.22,0.770
2026-06-16,enterprise,linkedin_retarget,US_C,695,126,6.17,3.74,0.392
2026-06-16,enterprise,linkedin_retarget,CA,595,151,4.62,2.60,0.223
2026-06-16,enterprise,linkedin_retarget,LATAM,157,35,0.97,0.44,0.022
2026-06-16,enterprise,meta_prospect,US_W,2366,518,13.72,5.35,0.211
2026-06-16,enterprise,meta_prospect,US_E,2461,674,15.92,6.57,0.246
2026-06-16,enterprise,meta_prospect,US_C,1622,343,9.75,3.87,0.125
2026-06-16,enterprise,meta_prospect,CA,1041,200,6.33,2.50,0.089
2026-06-16,enterprise,meta_prospect,LATAM,678,173,3.62,1.26,0.027
2026-06-16,enterprise,youtube,US_W,1256,266,9.07,4.07,0.140
2026-06-16,enterprise,youtube,US_E,1039,267,8.07,3.66,0.152
2026-06-16,enterprise,youtube,US_C,920,255,6.47,3.14,0.108
2026-06-16,enterprise,youtube,CA,520,144,4.04,1.98,0.086
2026-06-16,enterprise,youtube,LATAM,310,76,2.15,0.77,0.015
